,Station Name,Line Name,Station Longitude,Station Latitude,Station-Line
0,25th St,R,-73.998091,40.660396999999996,25th St-R
1,36th St,NR,-74.00354899999999,40.655144,36th St-NR
2,45th St,R,-74.010006,40.648939,45th St-R
3,53rd St,R,-74.014034,40.645069,53rd St-R
4,59th St,NR,-74.017881,40.641362,59th St-NR
5,77th St,R,-74.02551,40.629742,77th St-R
6,86th St,R,-74.028398,40.622687,86th St-R
7,95th St,R,-74.030876,40.616622,95th St-R
8,9th St,FGR,-73.988302,40.670846999999995,9th St-FGR
9,Atlantic Av-Barclays Ctr,2345BDNQR,-73.97881,40.683665999999995,Atlantic Av-Barclays Ctr-2345BDNQR
10,Bay Ridge Av,R,-74.023377,40.634966999999996,Bay Ridge Av-R
11,DeKalb Av,BQR,-73.981824,40.690635,DeKalb Av-BQR
12,Pacific St,2345BDNQR,-73.97881,40.683665999999995,Pacific St-2345BDNQR
13,Prospect Av,R,-73.99287199999999,40.665414,Prospect Av-R
14,Union St,R,-73.98311,40.677316,Union St-R
15,Grand Central,4567GS,-73.979189,40.752769,Grand Central-4567GS
16,Times Square,1237ACEGNQRS,-73.98622900000001,40.755983,Times Square-1237ACEGNQRS
17,14th St,123FLM,-73.996209,40.738228,14th St-123FLM
18,23rd St,FM,-73.99282099999999,40.742878000000005,23rd St-FM
19,2nd Av,F,-73.989938,40.723402,2nd Av-F
20,34th St,BDFMNQR,-73.98782299999999,40.749719,34th St-BDFMNQR
21,42nd St,7BDFM,-73.984569,40.754222,42nd St-7BDFM
22,47-50th Sts Rockefeller Center,BDFM,-73.981329,40.758663,47-50th Sts Rockefeller Center-BDFM
23,47-50th Sts Rockefeller Center,7BDFM,-73.981329,40.758663,47-50th Sts Rockefeller Center-7BDFM
24,4th Av,F,-73.989779,40.670272,4th Av-F
25,57th St,F,-73.97745,40.763971999999995,57th St-F
26,7th Av,F,-73.980305,40.666271,7th Av-F
27,Bergen St,FG,-73.99086199999999,40.686145,Bergen St-FG
28,Broadway-Lafayette St,6BDFM,-73.996204,40.725297,Broadway-Lafayette St-6BDFM
29,Carroll St,FG,-73.995048,40.680303,Carroll St-FG
30,Church Av,F,-73.979678,40.644040999999994,Church Av-F
31,Delancey St,FJMZ,-73.988114,40.718610999999996,Delancey St-FJMZ
32,East Broadway,F,-73.990173,40.713715,East Broadway-F
33,Fort Hamilton Parkway,F,-73.975776,40.650782,Fort Hamilton Parkway-F
34,Grand St,BD,-73.993753,40.718267,Grand St-BD
35,Prospect Park-15 St,F,-73.979493,40.660365000000006,Prospect Park-15 St-F
36,Smith-9th St,FGR,-73.995959,40.67358,Smith-9th St-FGR
37,York St,F,-73.986885,40.699743,York St-F
38,21st St,F,-73.942836,40.754203000000004,21st St-F
39,Lexington Av,F,-73.96611,40.764627000000004,Lexington Av-F
40,Roosevelt Island,F,-73.95326,40.759145000000004,Roosevelt Island-F
41,103rd St,BC,-73.961454,40.796092,103rd St-BC
42,116th St,BC,-73.954882,40.805085,116th St-BC
43,125th St,ABCD,-73.952343,40.811109,125th St-ABCD
44,135th St,BC,-73.947649,40.817894,135th St-BC
45,145th St,ABCD,-73.944216,40.824783000000004,145th St-ABCD
46,14th St,ACEL,-74.00169,40.740893,14th St-ACEL
47,155th St,C,-73.941514,40.830518,155th St-C
48,163rd St - Amsterdam Av,C,-73.939892,40.836013,163rd St - Amsterdam Av-C
49,168th St - Washington Heights,AC,-73.939561,40.840719,168th St - Washington Heights-AC
50,175th St,A,-73.939704,40.847390999999995,175th St-A
51,181st St,A,-73.937969,40.851695,181st St-A
52,190th St,A,-73.93418,40.859021999999996,190th St-A
53,23rd St,CE,-73.998041,40.745906,23rd St-CE
54,34th St,ACE,-73.993391,40.752287,34th St-ACE
55,42nd St,1237ACENQRS,-73.989735,40.757308,42nd St-1237ACENQRS
56,50th St,CE,-73.985984,40.762456,50th St-CE
57,59th St,1ABCD,-73.981736,40.768296,59th St-1ABCD
58,72nd St,BC,-73.97641,40.775594,72nd St-BC
59,81st St - Museum of Natural History,BC,-73.972143,40.781433,81st St - Museum of Natural History-BC
60,86th St,BC,-73.96891600000001,40.785868,86th St-BC
61,96th St,BC,-73.964699,40.791646,96th St-BC
62,Broadway-Nassau,2345ACJZ,-74.00769100000001,40.710196999999994,Broadway-Nassau-2345ACJZ
63,Canal St,ACE,-74.005229,40.720824,Canal St-ACE
64,Cathedral Parkway-110th St,BC,-73.958158,40.800605,Cathedral Parkway-110th St-BC
65,Chambers St,23ACE,-74.008585,40.714110999999995,Chambers St-23ACE
66,Dyckman St-200th St,A,-73.92727099999999,40.865491,Dyckman St-200th St-A
67,High St,2345ACJZ,-73.990531,40.699337,High St-2345ACJZ
68,Inwood - 207th St,A,-73.919899,40.868072,Inwood - 207th St-A
69,Spring St,CE,-74.003739,40.726227,Spring St-CE
70,West 4th St,ABCDEFM,-74.000495,40.732338,West 4th St-ABCDEFM
71,World Trade Center,23ACE,-74.009781,40.712582,World Trade Center-23ACE
72,Jamaica-Van Wyck,E,-73.816859,40.702566,Jamaica-Van Wyck-E
73,Parsons Blvd-Archer Av - Jamaica Center,EJZ,-73.801109,40.702147,Parsons Blvd-Archer Av - Jamaica Center-EJZ
74,Sutphin Blvd-Archer Av - JFK,EJZ,-73.807969,40.700486,Sutphin Blvd-Archer Av - JFK-EJZ
75,30 Av-Grand Av,NQ,-73.921479,40.766779,30 Av-Grand Av-NQ
76,36 Av-Washington Av,NQ,-73.929575,40.756803999999995,36 Av-Washington Av-NQ
77,39 Av-Beebe Av,NQ,-73.932755,40.752882,39 Av-Beebe Av-NQ
78,Astoria Blvd-Hoyt Av,NQ,-73.917843,40.770258,Astoria Blvd-Hoyt Av-NQ
79,Broadway,NQ,-73.925508,40.76182,Broadway-NQ
80,Ditmars Blvd,NQ,-73.91203399999999,40.775036,Ditmars Blvd-NQ
81,7th Av,BQ,-73.972367,40.67705,7th Av-BQ
82,Atlantic Av,2345BDNQR,-73.97689,40.684459999999994,Atlantic Av-2345BDNQR
83,Av H,BQ,-73.961639,40.62927,Av H-BQ
84,Av J,BQ,-73.960803,40.625039,Av J-BQ
85,Av M,BQ,-73.959399,40.617618,Av M-BQ
86,Av U,BQ,-73.955929,40.5993,Av U-BQ
87,Beverly Rd,BQ,-73.964492,40.644031,Beverly Rd-BQ
88,Brighton Beach,BQ,-73.961376,40.577621,Brighton Beach-BQ
89,Church Av,BQ,-73.962982,40.650527000000004,Church Av-BQ
90,Cortelyou Rd,BQ,-73.963891,40.640927000000005,Cortelyou Rd-BQ
91,Kings Highway,BQ,-73.957734,40.608670000000004,Kings Highway-BQ
92,Neck Rd,BQ,-73.955161,40.595246,Neck Rd-BQ
93,Newkirk Av,BQ,-73.962793,40.635082000000004,Newkirk Av-BQ
94,Ocean Parkway,Q,-73.968501,40.576312,Ocean Parkway-Q
95,Parkside Av,BQ,-73.961495,40.655291999999996,Parkside Av-BQ
96,Prospect Park,BFQS,-73.962246,40.661614,Prospect Park-BFQS
97,Sheepshead Bay,BQ,-73.954155,40.586896,Sheepshead Bay-BQ
98,Stillwell Av,DFNQ,-73.98123299999999,40.577422,Stillwell Av-DFNQ
99,West 8th St,FQ,-73.975939,40.576127,West 8th St-FQ
100,23rd St,NR,-73.98934399999999,40.741303,23rd St-NR
101,28th St,NR,-73.988691,40.745494,28th St-NR
102,34th St,BDFMNQR,-73.98795,40.749567,34th St-BDFMNQR
103,49th St,NQR,-73.984139,40.759901,49th St-NQR
104,57th St,NQR,-73.98065799999999,40.764664,57th St-NQR
105,5th Av,NQR,-73.973347,40.764811,5th Av-NQR
106,8th St,NR,-73.99262900000001,40.730328,8th St-NR
107,Canal St (UL),6JNQRZ,-74.001775,40.719527,Canal St (UL)-6JNQRZ
108,City Hall,R,-74.006978,40.713282,City Hall-R
109,Cortlandt St,R,-74.01102900000001,40.710668,Cortlandt St-R
110,Court St,2345R,-73.991777,40.6941,Court St-2345R
111,Lawrence St,ACFR,-73.98594200000001,40.69218,Lawrence St-ACFR
112,Lexington Av,456NQR,-73.967258,40.76266,Lexington Av-456NQR
113,Prince St,NR,-73.997702,40.724329,Prince St-NR
114,Rector St,R,-74.01334200000001,40.70722,Rector St-R
115,Times Square-42nd St,1237ACENQRS,-73.986754,40.754672,Times Square-42nd St-1237ACENQRS
116,Union Square,456LNQR,-73.99056800000001,40.735735999999996,Union Square-456LNQR
117,Whitehall St,1R,-74.01299399999999,40.703087,Whitehall St-1R
118,104th St-102nd St,JZ,-73.84433,40.695178000000006,104th St-102nd St-JZ
119,111th St,J,-73.836345,40.697418,111th St-J
120,121st St,JZ,-73.828294,40.700492,121st St-JZ
121,Alabama Av,J,-73.89865400000001,40.676992,Alabama Av-J
122,Chauncey St,JZ,-73.91045600000001,40.682893,Chauncey St-JZ
123,Cleveland St,J,-73.884639,40.679947,Cleveland St-J
124,Crescent St,JZ,-73.873785,40.683194,Crescent St-JZ
125,Cypress Hills,J,-73.87255,40.689941,Cypress Hills-J
126,Elderts Lane-75th St,JZ,-73.867139,40.691324,Elderts Lane-75th St-JZ
127,Flushing Av,JM,-73.941126,40.70026,Flushing Av-JM
128,Forest Parkway-85th St,J,-73.86001,40.692434999999996,Forest Parkway-85th St-J
129,Gates Av,JZ,-73.92227,40.68963,Gates Av-JZ
130,Halsey St,J,-73.91655899999999,40.686370000000004,Halsey St-J
131,Hewes St,JM,-73.95343100000001,40.70687,Hewes St-JM
132,Kosciusko St,J,-73.928814,40.693342,Kosciusko St-J
133,Lorimer St,JM,-73.947408,40.703869,Lorimer St-JM
134,Marcy Av,JMZ,-73.957757,40.708359,Marcy Av-JMZ
135,Myrtle Av,JMZ,-73.93565699999999,40.697207,Myrtle Av-JMZ
136,Norwood Av,JZ,-73.880039,40.68141,Norwood Av-JZ
137,Van Siclen Av,JZ,-73.891688,40.678024,Van Siclen Av-JZ
138,Woodhaven Blvd,JZ,-73.851576,40.693878999999995,Woodhaven Blvd-JZ
139,103rd St,1,-73.968379,40.799446,103rd St-1
140,116th St-Columbia University,1,-73.96410999999999,40.807722,116th St-Columbia University-1
141,125th St,1,-73.958372,40.815581,125th St-1
142,137th St-City College,1,-73.953676,40.822008000000004,137th St-City College-1
143,145th St,1,-73.95036,40.826551,145th St-1
144,14th St,123FLM,-74.000201,40.737826,14th St-123FLM
145,157th St,1,-73.94489,40.834041,157th St-1
146,168th St,1AC,-73.94013299999999,40.840556,168th St-1AC
147,181st St,1,-73.933596,40.849505,181st St-1
148,18th St,1,-73.99787099999999,40.741040000000005,18th St-1
149,191st St,1,-73.929412,40.855225,191st St-1
150,207th St,1,-73.918819,40.864614,207th St-1
151,215th St,1,-73.915279,40.869444,215th St-1
152,231st St,1,-73.904834,40.878856,231st St-1
153,238th St,1,-73.90087,40.884667,238th St-1
154,23rd St,1,-73.995657,40.744081,23rd St-1
155,28th St,1,-73.993365,40.747215000000004,28th St-1
156,34th St,123,-73.991057,40.750372999999996,34th St-123
157,50th St,1,-73.98384899999999,40.761728000000005,50th St-1
158,59th St-Columbus Circle,1ABCD,-73.98192900000001,40.768246999999995,59th St-Columbus Circle-1ABCD
159,66th St-Lincoln Center,1,-73.982209,40.77344,66th St-Lincoln Center-1
160,72nd St,123,-73.98196999999999,40.778453000000006,72nd St-123
161,79th St,1,-73.979917,40.783934,79th St-1
162,86th St,1,-73.976218,40.788644,86th St-1
163,96th St,123,-73.972323,40.793919,96th St-123
164,Canal St,1,-74.006277,40.722854,Canal St-1
165,Cathedral Parkway-110th St,1,-73.966847,40.803967,Cathedral Parkway-110th St-1
166,Chambers St,123,-74.009266,40.715478000000004,Chambers St-123
167,Christopher St,1,-74.00290600000001,40.733422,Christopher St-1
168,Dyckman St,1,-73.925536,40.860531,Dyckman St-1
169,Franklin St,1,-74.006886,40.719318,Franklin St-1
170,Houston St,1,-74.005367,40.728251,Houston St-1
171,Marble Hill-225th St,1,-73.90983100000001,40.874561,Marble Hill-225th St-1
172,Rector St,1,-74.01378299999999,40.707513,Rector St-1
173,South Ferry,1R,-74.013664,40.702068,South Ferry-1R
174,Times Square,1237ACENQRS,-73.987495,40.75529,Times Square-1237ACENQRS
175,Van Cortlandt Park-242nd St,1,-73.898583,40.889247999999995,Van Cortlandt Park-242nd St-1
176,1st Av,L,-73.981628,40.730953,1st Av-L
177,3rd Av,L,-73.986122,40.732849,3rd Av-L
178,6th Av,123FLM,-73.996786,40.737334999999995,6th Av-123FLM
179,8th Av,ACEL,-74.002578,40.739777000000004,8th Av-ACEL
180,Atlantic Av,L,-73.903097,40.675345,Atlantic Av-L
181,Bedford Av,L,-73.956872,40.717304,Bedford Av-L
182,Bushwick Av,L,-73.905249,40.682829,Bushwick Av-L
183,Canarsie - Rockaway Parkway,L,-73.90185,40.646654,Canarsie - Rockaway Parkway-L
184,Canarsie - Rockaway Parkway,L,-73.9025,40.645757,Canarsie - Rockaway Parkway-L
185,Canarsie - Rockaway Parkway,L,-73.901741,40.645957,Canarsie - Rockaway Parkway-L
186,DeKalb Av,L,-73.918425,40.703811,DeKalb Av-L
187,East 105th St,L,-73.899485,40.650573,East 105th St-L
188,Graham Av,L,-73.944053,40.714565,Graham Av-L
189,Grand St,L,-73.94067,40.711926,Grand St-L
190,Halsey St,L,-73.904084,40.695602,Halsey St-L
191,Jefferson St,L,-73.922913,40.706607,Jefferson St-L
192,Livonia Av,L,-73.900571,40.664038,Livonia Av-L
193,Lorimer St,GL,-73.950275,40.714063,Lorimer St-GL
194,Montrose Av,L,-73.93985,40.707739000000004,Montrose Av-L
195,Morgan Av,L,-73.93314699999999,40.706152,Morgan Av-L
196,Myrtle Av,LM,-73.911586,40.699814,Myrtle Av-LM
197,New Lots Av,L,-73.899232,40.658733000000005,New Lots Av-L
198,Sutter Av,L,-73.901975,40.669367,Sutter Av-L
199,Union Square,456LNQR,-73.99073,40.734789,Union Square-456LNQR
200,Wilson Av,L,-73.904046,40.688764,Wilson Av-L
201,Borough Hall,2345R,-73.989998,40.693219,Borough Hall-2345R
202,Clark St,23,-73.993086,40.697466,Clark St-23
203,Fulton St,2345ACJZ,-74.006571,40.709416,Fulton St-2345ACJZ
204,Park Place,123ACE,-74.008811,40.713051,Park Place-123ACE
205,Wall St,23,-74.0091,40.706821000000005,Wall St-23
206,155th St,BD,-73.938209,40.830135,155th St-BD
207,167th St,BD,-73.918432,40.833769000000004,167th St-BD
208,170th St,BD,-73.9134,40.839306,170th St-BD
209,174-175th Sts,BD,-73.910136,40.8459,174-175th Sts-BD
210,182nd-183rd Sts,BD,-73.900741,40.856093,182nd-183rd Sts-BD
211,Bedford Park Blvd,BD,-73.88713800000001,40.873244,Bedford Park Blvd-BD
212,Fordham Rd,BD,-73.897749,40.861296,Fordham Rd-BD
213,Kingsbridge Rd,BD,-73.893509,40.866978,Kingsbridge Rd-BD
214,Norwood-205th St,D,-73.878855,40.874811,Norwood-205th St-D
215,Tremont Av,BD,-73.905227,40.85041,Tremont Av-BD
216,Yankee Stadium-161st St,4BD,-73.925651,40.827905,Yankee Stadium-161st St-4BD
217,21st St,G,-73.949724,40.744065,21st St-G
218,Bedford-Nostrand Avs,G,-73.95352199999999,40.689627,Bedford-Nostrand Avs-G
219,Broadway,G,-73.95030799999999,40.706092,Broadway-G
220,Classon Av,G,-73.96007,40.688873,Classon Av-G
221,Clinton-Washington Avs,G,-73.96683900000001,40.688089,Clinton-Washington Avs-G
222,Flushing Av,G,-73.950234,40.700377,Flushing Av-G
223,Fulton St,G,-73.975375,40.687119,Fulton St-G
224,Greenpoint Av,G,-73.954449,40.731352,Greenpoint Av-G
225,Long Island City-Court Square,G,-73.943832,40.746553999999996,Long Island City-Court Square-G
226,Metropolitan Av,GL,-73.951418,40.712792,Metropolitan Av-GL
227,Myrtle-Willoughby Avs,G,-73.949046,40.694568,Myrtle-Willoughby Avs-G
228,Nassau Av,G,-73.951277,40.724635,Nassau Av-G
229,18th Av,F,-73.97697099999999,40.629754999999996,18th Av-F
230,Av I,F,-73.976127,40.625322,Av I-F
231,Av N,F,-73.974197,40.615140000000004,Av N-F
232,Av P,F,-73.973022,40.608944,Av P-F
233,Av U,F,-73.973357,40.596063,Av U-F
234,Av X,F,-73.97425,40.589620000000004,Av X-F
235,Bay Parkway-22nd Av,F,-73.975264,40.620769,Bay Parkway-22nd Av-F
236,Ditmas Av,F,-73.978172,40.636119,Ditmas Av-F
237,Kings Highway,F,-73.97236099999999,40.603217,Kings Highway-F
238,Neptune Av-Van Siclen,F,-73.974574,40.581011,Neptune Av-Van Siclen-F
239,Baychester Av,5,-73.83859100000001,40.878663,Baychester Av-5
240,Eastchester-Dyre Av,5,-73.830834,40.8883,Eastchester-Dyre Av-5
241,Gun Hill Rd,5,-73.846384,40.869526,Gun Hill Rd-5
242,Morris Park,5,-73.860495,40.854364000000004,Morris Park-5
243,Pelham Parkway,5,-73.85535899999999,40.858985,Pelham Parkway-5
244,Atlantic Av-Barclays Ctr,2345BDNQR,-73.977666,40.684359,Atlantic Av-Barclays Ctr-2345BDNQR
245,Bergen St,23,-73.975098,40.680828999999996,Bergen St-23
246,Eastern Parkway-Brooklyn Museum,23,-73.964375,40.671987,Eastern Parkway-Brooklyn Museum-23
247,Franklin Av,2345FS,-73.95813100000001,40.670682,Franklin Av-2345FS
248,Grand Army Plaza,23,-73.971046,40.675235,Grand Army Plaza-23
249,Hoyt St,23,-73.985065,40.690545,Hoyt St-23
250,Kingston Av,3,-73.942161,40.669399,Kingston Av-3
251,Nevins St,2345,-73.980492,40.688246,Nevins St-2345
252,Nostrand Av,3,-73.950466,40.669847,Nostrand Av-3
253,Utica Av,34,-73.93294200000001,40.668896999999994,Utica Av-34
254,103rd St,7,-73.8627,40.749865,103rd St-7
255,111th St,7,-73.855334,40.75173,111th St-7
256,45 Rd-Court House Sq,7EGM,-73.945264,40.747023,45 Rd-Court House Sq-7EGM
257,5th Av,7BDFM,-73.98196300000001,40.753821,5th Av-7BDFM
258,82nd St-Jackson Heights,7,-73.883697,40.747659000000006,82nd St-Jackson Heights-7
259,90th St Elmhurst,7,-73.876613,40.748408000000005,90th St Elmhurst-7
260,Bliss St-46th St,7,-73.918435,40.743132,Bliss St-46th St-7
261,Broadway-74th St,7EFMR,-73.89139399999999,40.746848,Broadway-74th St-7EFMR
262,Fisk Av-69th St,7,-73.896403,40.746325,Fisk Av-69th St-7
263,Flushing-Main St,7,-73.83003000000001,40.7596,Flushing-Main St-7
264,Grand Central-42nd St,4567GS,-73.97604100000001,40.751431,Grand Central-42nd St-4567GS
265,Hunters Point,7,-73.948916,40.742216,Hunters Point-7
266,Junction Blvd,7,-73.869527,40.749145,Junction Blvd-7
267,Lincoln Av-52nd St,7,-73.912549,40.744149,Lincoln Av-52nd St-7
268,Lowery St-40th St,7,-73.92401600000001,40.743781,Lowery St-40th St-7
269,Mets - Willets Point,7,-73.845625,40.754622,Mets - Willets Point-7
270,Queensboro Plaza,7NQ,-73.940202,40.750582,Queensboro Plaza-7NQ
271,Rawson St-33rd St,7,-73.93099699999999,40.744587,Rawson St-33rd St-7
272,Vernon Blvd-Jackson Av,7,-73.953581,40.742626,Vernon Blvd-Jackson Av-7
273,Woodside Av-61st St,7,-73.902984,40.74563,Woodside Av-61st St-7
274,Botanic Gardens,2345FS,-73.959245,40.670343,Botanic Gardens-2345FS
275,Franklin Av,AFS,-73.955827,40.680596,Franklin Av-AFS
276,Park Place,FS,-73.957624,40.674772,Park Place-FS
277,Broadway Junction-East New York,ACJL,-73.905316,40.678334,Broadway Junction-East New York-ACJL
278,Clinton & Washington Avs,C,-73.965838,40.683263000000004,Clinton & Washington Avs-C
279,Euclid Av,AC,-73.872106,40.675377000000005,Euclid Av-AC
280,Franklin Av,ACFS,-73.956848,40.68138,Franklin Av-ACFS
281,Hoyt & Schermerhorn,ACG,-73.985001,40.688484,Hoyt & Schermerhorn-ACG
282,Jay St - Borough Hall,ACFR,-73.987342,40.692338,Jay St - Borough Hall-ACFR
283,Kingston-Throop,AC,-73.94085799999999,40.679921,Kingston-Throop-AC
284,Lafayette Av,C,-73.973946,40.686113,Lafayette Av-C
285,Liberty Av,AC,-73.896548,40.674541999999995,Liberty Av-AC
286,Nostrand Av,AC,-73.95042600000001,40.680438,Nostrand Av-AC
287,Ralph Av,AC,-73.92078599999999,40.678822,Ralph Av-AC
288,Rockaway Av,AC,-73.911946,40.678340000000006,Rockaway Av-AC
289,Shepherd Av,AC,-73.88075,40.67413,Shepherd Av-AC
290,Utica Av,AC,-73.930729,40.679364,Utica Av-AC
291,Van Siclen Av,AC,-73.89035799999999,40.672709999999995,Van Siclen Av-AC
292,138th St,45,-73.929849,40.813224,138th St-45
293,149th St-Grand Concourse,245,-73.927351,40.818375,149th St-Grand Concourse-245
294,167th St,4,-73.9214,40.835537,167th St-4
295,170th St,4,-73.91779100000001,40.840075,170th St-4
296,176th St,4,-73.911794,40.84848,176th St-4
297,183rd St,4,-73.903879,40.858407,183rd St-4
298,Bedford Park Blvd-Lehman College,4,-73.890064,40.873412,Bedford Park Blvd-Lehman College-4
299,Burnside Av,4,-73.907684,40.853453,Burnside Av-4
300,Fordham Rd,4,-73.901034,40.862803,Fordham Rd-4
301,Kingsbridge Rd,4,-73.89717399999999,40.86776,Kingsbridge Rd-4
302,Mosholu Parkway,4,-73.88465500000001,40.87975,Mosholu Parkway-4
303,Mt Eden Av,4,-73.91468499999999,40.844434,Mt Eden Av-4
304,Woodlawn,4,-73.878751,40.886037,Woodlawn-4
305,Yankee Stadium-161st St,4BD,-73.925831,40.827994,Yankee Stadium-161st St-4BD
306,110th St-Central Park North,23,-73.95182199999999,40.799075,110th St-Central Park North-23
307,116th St,23,-73.949625,40.802098,116th St-23
308,125th St,23,-73.945495,40.807753999999996,125th St-23
309,135th St,23,-73.94077,40.814229,135th St-23
310,145th St,3,-73.936245,40.820421,145th St-3
311,Harlem-148th St,3,-73.93647,40.823879999999996,Harlem-148th St-3
312,103rd St,6,-73.947478,40.7906,103rd St-6
313,110th St,6,-73.94425,40.79502,110th St-6
314,116th St,6,-73.94161700000001,40.798629,116th St-6
315,125th St,456,-73.93759399999999,40.804138,125th St-456
316,14th St-Union Square,456LNQR,-73.989951,40.734673,14th St-Union Square-456LNQR
317,23rd St,6,-73.986599,40.739864000000004,23rd St-6
318,28th St,6,-73.984264,40.74307,28th St-6
319,33rd St,6,-73.982076,40.746081,33rd St-6
320,51st St,6EM,-73.97192,40.757107,51st St-6EM
321,59th St,456NQR,-73.967967,40.762526,59th St-456NQR
322,68th St-Hunter College,6,-73.96387,40.768141,68th St-Hunter College-6
323,77th St,6,-73.959874,40.77362,77th St-6
324,86th St,456,-73.955589,40.779492,86th St-456
325,96th St,6,-73.95107,40.785672,96th St-6
326,Astor Place,6,-73.99107,40.730053999999996,Astor Place-6
327,Bleecker St,6BDFM,-73.994659,40.725915,Bleecker St-6BDFM
328,Borough Hall,2345R,-73.990151,40.692403999999996,Borough Hall-2345R
329,Bowling Green,45,-74.014065,40.704817,Bowling Green-45
330,Brooklyn Bridge-City Hall,456JZ,-74.004806,40.712868,Brooklyn Bridge-City Hall-456JZ
331,Brooklyn Bridge-City Hall,456JZ,-74.004971,40.712723,Brooklyn Bridge-City Hall-456JZ
332,Brooklyn Bridge-City Hall,456JZ,-74.004387,40.712333,Brooklyn Bridge-City Hall-456JZ
333,Brooklyn Bridge-City Hall,456JZ,-74.005114,40.711857,Brooklyn Bridge-City Hall-456JZ
334,Brooklyn Bridge-City Hall,456JZ,-74.005057,40.711824,Brooklyn Bridge-City Hall-456JZ
335,Brooklyn Bridge-City Hall,456JZ,-74.003907,40.713813,Brooklyn Bridge-City Hall-456JZ
336,Brooklyn Bridge-City Hall,456JZ,-74.003654,40.713889,Brooklyn Bridge-City Hall-456JZ
337,Brooklyn Bridge-City Hall,456JZ,-74.004131,40.713065,Brooklyn Bridge-City Hall-456JZ
338,Canal St,6JNQRZ,-74.00019300000001,40.718803,Canal St-6JNQRZ
339,Fulton St,2345ACJZ,-74.009509,40.710368,Fulton St-2345ACJZ
340,Grand Central-42nd St,4567GS,-73.976848,40.751776,Grand Central-42nd St-4567GS
341,Spring St,6,-73.997141,40.722301,Spring St-6
342,Wall St,45,-74.011862,40.707557,Wall St-45
343,104th St-Oxford Av,A,-73.837683,40.681711,104th St-Oxford Av-A
344,111th St-Greenwood Av,A,-73.832163,40.684331,111th St-Greenwood Av-A
345,80th St-Hudson St,A,-73.858992,40.679371,80th St-Hudson St-A
346,88th St-Boyd Av,A,-73.85146999999999,40.679843,88th St-Boyd Av-A
347,Grant Av,A,-73.86505,40.677044,Grant Av-A
348,Lefferts Blvd,A,-73.82579799999999,40.685951,Lefferts Blvd-A
349,Rockaway Blvd,A,-73.843853,40.680429,Rockaway Blvd-A
350,Central Av,M,-73.927397,40.697857,Central Av-M
351,Forest Av,M,-73.903077,40.704423,Forest Av-M
352,Fresh Pond Rd,M,-73.895877,40.706185999999995,Fresh Pond Rd-M
353,Knickerbocker Av,M,-73.91971099999999,40.698664,Knickerbocker Av-M
354,Metropolitan Av,M,-73.889601,40.711396,Metropolitan Av-M
355,Seneca Av,M,-73.90774,40.702762,Seneca Av-M
356,Bowery,JZ,-73.993915,40.720279999999995,Bowery-JZ
357,Broad St,JZ,-74.01105600000001,40.706476,Broad St-JZ
358,Canal St,6JNQRZ,-73.999892,40.718092,Canal St-6JNQRZ
359,Chambers St,456JZ,-74.003401,40.713243,Chambers St-456JZ
360,Chambers St,456JZ,-74.003199,40.71419,Chambers St-456JZ
361,Essex St,FJMZ,-73.987437,40.718315000000004,Essex St-FJMZ
362,Fulton St,2345ACJZ,-74.007582,40.710374,Fulton St-2345ACJZ
363,Junius St,3,-73.902447,40.663515000000004,Junius St-3
364,New Lots Av,3,-73.884079,40.666235,New Lots Av-3
365,Pennsylvania Av,3,-73.89489499999999,40.664635,Pennsylvania Av-3
366,Rockaway Av,3,-73.908946,40.662549,Rockaway Av-3
367,Saratoga Av,3,-73.916327,40.661453,Saratoga Av-3
368,Sutter Av,3,-73.92260999999999,40.664716999999996,Sutter Av-3
369,Van Siclen Av,3,-73.889395,40.665449,Van Siclen Av-3
370,Beverly Rd,25,-73.948959,40.645098,Beverly Rd-25
371,Church Av,25,-73.949575,40.650843,Church Av-25
372,Flatbush Av-Brooklyn College,25,-73.947642,40.632836,Flatbush Av-Brooklyn College-25
373,Newkirk Av,25,-73.948411,40.639967,Newkirk Av-25
374,President St,25,-73.950683,40.667883,President St-25
375,Sterling St,25,-73.95085,40.662742,Sterling St-25
376,Winthrop St,25,-73.9502,40.656652,Winthrop St-25
377,138th St-3rd Ave,6,-73.926138,40.810476,138th St-3rd Ave-6
378,Brook Av,6,-73.91924,40.807565999999994,Brook Av-6
379,Buhre Av,6,-73.83256899999999,40.84681,Buhre Av-6
380,Castle Hill Av,6,-73.85122199999999,40.834255,Castle Hill Av-6
381,Cypress Av,6,-73.91404200000001,40.805368,Cypress Av-6
382,East 143rd St-St Mary's St,6,-73.907657,40.808719,East 143rd St-St Mary's St-6
383,East 149th St,6,-73.904098,40.812118,East 149th St-6
384,Elder Av,6,-73.879159,40.828584,Elder Av-6
385,Hunts Point Av,6,-73.890549,40.820948,Hunts Point Av-6
386,Longwood Av,6,-73.896435,40.816103999999996,Longwood Av-6
387,Middletown Rd,6,-73.836322,40.843863,Middletown Rd-6
388,Morrison Av-Soundview Av,6,-73.874516,40.829521,Morrison Av-Soundview Av-6
389,Parkchester-East 177th St,6,-73.860816,40.833226,Parkchester-East 177th St-6
390,Pelham Bay Park,6,-73.828121,40.852462,Pelham Bay Park-6
391,St Lawrence Av,6,-73.86761800000001,40.831509000000004,St Lawrence Av-6
392,Westchester Square-East Tremont Av,6,-73.842952,40.839892,Westchester Square-East Tremont Av-6
393,Whitlock Av,6,-73.88628299999999,40.826525,Whitlock Av-6
394,Zerega Av,6,-73.847036,40.836488,Zerega Av-6
395,169th St,F,-73.793604,40.71047,169th St-F
396,23rd St-Ely Av,7EGM,-73.946,40.747846,23rd St-Ely Av-7EGM
397,36th St,MR,-73.928781,40.752039,36th St-MR
398,46th St,MR,-73.913333,40.756312,46th St-MR
399,5th Av-53rd St,EM,-73.975224,40.760166999999996,5th Av-53rd St-EM
400,63rd Drive-Rego Park,MR,-73.861604,40.729846,63rd Drive-Rego Park-MR
401,65th St,MR,-73.898453,40.749669,65th St-MR
402,67th Av,MR,-73.852719,40.726523,67th Av-MR
403,75th Av,EF,-73.837324,40.718331,75th Av-EF
404,7th Av,BDE,-73.981637,40.762862,7th Av-BDE
405,Briarwood-Van Wyck Blvd,F,-73.820574,40.709179,Briarwood-Van Wyck Blvd-F
406,Elmhurst Av,MR,-73.882017,40.742453999999995,Elmhurst Av-MR
407,Forest Hills-71st Av,EFMR,-73.844521,40.721691,Forest Hills-71st Av-EFMR
408,Forest Hills-71st Av,FMRe,-73.844521,40.721691,Forest Hills-71st Av-FMRe
409,Grand Av-Newtown,MR,-73.877223,40.737015,Grand Av-Newtown-MR
410,Jackson Heights-Roosevelt Ave,7EFMR,-73.891338,40.746644,Jackson Heights-Roosevelt Ave-7EFMR
411,Jamaica-179th St,F,-73.783817,40.712646,Jamaica-179th St-F
412,Kew Gardens-Union Turnpike,EF,-73.831008,40.714441,Kew Gardens-Union Turnpike-EF
413,Lexington Av-53rd St,6EM,-73.96905500000001,40.757552000000004,Lexington Av-53rd St-6EM
414,Northern Blvd,MR,-73.906006,40.752885,Northern Blvd-MR
415,Parsons Blvd,F,-73.803326,40.707564,Parsons Blvd-F
416,Queens Plaza,EMR,-73.93724300000001,40.748973,Queens Plaza-EMR
417,Steinway St,MR,-73.92074000000001,40.756879,Steinway St-MR
418,Sutphin Blvd,F,-73.81070799999999,40.705459999999995,Sutphin Blvd-F
419,Woodhaven Blvd,MR,-73.869229,40.733106,Woodhaven Blvd-MR
420,Aqueduct Racetrack,A,-73.835812,40.672131,Aqueduct Racetrack-A
421,Aqueduct-North Conduit Av,A,-73.834058,40.668234000000005,Aqueduct-North Conduit Av-A
422,Beach 105th St,H,-73.827559,40.583209000000004,Beach 105th St-H
423,Beach 25th St,A,-73.761353,40.600066,Beach 25th St-A
424,Beach 36th St,A,-73.768175,40.595397999999996,Beach 36th St-A
425,Beach 44th St,A,-73.776013,40.592943,Beach 44th St-A
426,Beach 60th St,A,-73.788522,40.592374,Beach 60th St-A
427,Beach 67th St,A,-73.796924,40.590927,Beach 67th St-A
428,Beach 90th St,H,-73.813641,40.588034,Beach 90th St-H
429,Beach 98th St,H,-73.82055799999999,40.585307,Beach 98th St-H
430,Broad Channel,AH,-73.815925,40.608382,Broad Channel-AH
431,Far Rockaway-Mott Av,A,-73.75540500000001,40.603995,Far Rockaway-Mott Av-A
432,Howard Beach,A,-73.830301,40.660476,Howard Beach-A
433,Rockaway Park-Beach 116th,H,-73.835592,40.580903,Rockaway Park-Beach 116th-H
434,18th Av,N,-73.990414,40.620671,18th Av-N
435,20th Av,N,-73.985026,40.61741,20th Av-N
436,86th St,N,-73.97823000000001,40.592721000000004,86th St-N
437,8th Av,N,-74.011719,40.635064,8th Av-N
438,Av U,N,-73.979137,40.597473,Av U-N
439,Bay Parkway-22nd Av,N,-73.981848,40.611815,Bay Parkway-22nd Av-N
440,Fort Hamilton Parkway,N,-74.005351,40.631386,Fort Hamilton Parkway-N
441,Kings Highway,N,-73.98035300000001,40.603922999999995,Kings Highway-N
442,New Utrecht Av,DN,-73.996353,40.624842,New Utrecht Av-DN
443,18th Av,D,-74.001736,40.607954,18th Av-D
444,20th Av,D,-73.998168,40.604556,20th Av-D
445,25th Av,D,-73.986829,40.597704,25th Av-D
446,50th St,D,-73.994791,40.63626,50th St-D
447,55th St,D,-73.995476,40.631434999999996,55th St-D
448,62nd St,DN,-73.996895,40.626472,62nd St-DN
449,71st St,D,-73.998864,40.619589000000005,71st St-D
450,79th St,D,-74.00061,40.613501,79th St-D
451,9th Av,D,-73.994324,40.646291999999995,9th Av-D
452,Bay 50th St,D,-73.983765,40.588840999999995,Bay 50th St-D
453,Bay Parkway,D,-73.993728,40.601875,Bay Parkway-D
454,Fort Hamilton Parkway,D,-73.994304,40.640914,Fort Hamilton Parkway-D
455,149th St-3rd Av,25,-73.917757,40.816109000000004,149th St-3rd Av-25
456,174th St,25,-73.887734,40.837288,174th St-25
457,219th St,25,-73.862633,40.883895,219th St-25
458,225th St,25,-73.860341,40.888022,225th St-25
459,233rd St,25,-73.857473,40.893193,233rd St-25
460,238th St-Nereid Av,25,-73.854376,40.898379,238th St-Nereid Av-25
461,Allerton Av,25,-73.867352,40.865462,Allerton Av-25
462,Bronx Park East,25,-73.86845699999999,40.848828000000005,Bronx Park East-25
463,Burke Av,25,-73.867164,40.871356,Burke Av-25
464,East 180th St,25,-73.873488,40.841894,East 180th St-25
465,East Tremont Av-West Farms Sq,25,-73.880049,40.840295000000005,East Tremont Av-West Farms Sq-25
466,Freeman St,25,-73.891865,40.829993,Freeman St-25
467,Gun Hill Rd,25,-73.866256,40.87785,Gun Hill Rd-25
468,Intervale Av,25,-73.896736,40.822181,Intervale Av-25
469,Jackson Av,25,-73.90780699999999,40.81649,Jackson Av-25
470,Pelham Parkway,25,-73.867615,40.857192,Pelham Parkway-25
471,Prospect Av,25,-73.90177,40.819585,Prospect Av-25
472,Simpson St,25,-73.893064,40.824073,Simpson St-25
473,Wakefield-241st St,25,-73.85061999999999,40.903125,Wakefield-241st St-25
474,34 St Hudson Yards,7,-74.00191,40.755882,34 St Hudson Yards-7
